text,adaptive,corrective,perfective
"Add support for unowned/weak array elements
",1,0,0
"drivers: Mark arrays as unowned instead of weak
",0,0,1
"ctypresolver: signals: register default implementations
",1,0,0
"signals: collect default implementations
",1,0,0
"embedded: Fix check() for relative paths
",0,1,0
"doap++
",0,0,1
"gir-importer: docbook: process all <doc-* tags
",1,0,0
"gir: ignore type struct docs
",1,0,0
"girmetadata: allow to override <ONLINE>
",1,0,0
"gir-importer: docbook: resolve internal links
",1,0,0
"gir-importer: markdown: resolve internal links
",1,0,0
"Allow to inherit from imported docs
",1,0,0
"html: add <meta charset=""UTF-8""/>
",0,1,0
"gir-importer: skip <union> elements without ctype-attributes
",0,1,0
"Split process-comments into parse and check runs
",0,0,1
"ctyperesolver, virtual signals: register function pointer names
",1,0,0
"docbook: improve implicit parameter handling
",1,0,0
"Improve handling for c::this
",1,0,0
"docbook-parser: Accept symbols with trailing 's'
",1,0,0
"Improve CTypeResolver for virtual/abstract methods
",1,0,0
"gir-importer: add support for markdown
",1,0,0
"devhelp: Generate better keywords
",1,0,0
"devhelp: Add missing keywords
",0,1,0
"basic doclet: Add ""wiki-index-name""

Used by valadoc.org
",1,0,0
"Add support for cgraphs

Based on patch by Richard Schwarting

Fixes bug 703688.
",1,0,0
"Importer: Resolve c::*_finish methods
",1,0,0
"gir-importer: Ignore <annotation> tags
",1,0,0
"gir-importer: Add support for <instance-parameter>
",1,0,0
"coding style changes
",0,0,1
"gtkdoc: Document implicit struct functions
",1,0,0
"libvaladoc: Add Struct.copy_function_cname, Struct.destroy_function_cname
",1,0,0
"gtkdoc: Avoid warnings for undocumented parameters
",0,1,0
"gtkdoc: Improve docs for generics
",1,0,0
"0.20.x: Add support for [GenericAccessors]
",1,0,0
"0.18.x: Add support for [GenericAccessors]
",1,0,0
"0.14.x: Fix TypeParameter.base
",0,1,0
"0.16.x: Fix TypeParameter.base
",0,1,0
"0.18.x: Fix TypeParameter.base
",0,1,0
"0.20.x: Fix TypeParameter.base
",0,1,0
"gtkdoc: Improve documentation for _get and _set
",1,0,0
"libvaladoc: Use --api-version instead of --version
",1,0,0
"driver: Add support for vala-0.20
",1,0,0
"Fix make check for older valac versions
",0,1,0
"gee-0.8
",1,0,0
"gtkdoc-scanner: Add support for &nbsp;, &quot;, &apos;
",1,0,0
"configure.in -> configure.ac
",0,0,1
"Fix generic-api-test (out -> @out)
",0,1,0
"libvaladoc: Avoid multiple imports
",1,0,0
"libvaladoc: .valadoc-importer: Fix encoding issues
",0,1,0
"libvaladoc/content: SourceCode: Strip leading and trailing empty lines
",1,0,0
"libvaladoc: .valadoc-importer: Add support for ::append and ::prepend
",1,0,0
"importer: gir: Process callback comments
",1,0,0
"libvaladoc: is_browsale: check parents
",0,1,0
"libvaladoc: Mark TypeParameter as unbrowsable
",0,1,0
"libvaladoc: Escape names if necessary
",0,1,0
"doclet/gtkdoc: Escape text and source code
",0,1,0
"Accept {@inheritDoc} in comments without parent documentation
",0,1,0
"Fix make distcheck
",0,0,1
"Improve {@inheritDoc}
",1,0,0
"libvaladoc/html: Fix nullptr in write_documentation
",0,1,0
"icons: s/font: monospace/font-family: monospace
",0,1,0
"libvaladoc: Accept error codes in @throws
",1,0,0
"tests: Add missing vapi
",0,0,1
"doclets/gtkdoc: Fix [Deprecated]
",0,1,0
"libvaladoc: Api.Class: Add is_compact
",1,0,0
"libvaladoc/api: Add finalize and free function names to Api.Class
",1,0,0
"doclets/gtkdoc: Register struct type macro/function
",1,0,0
"libvaladoc/api: Hide unbrowsable property getters and setters
",0,1,0
"libvaladoc: Add metadata for gtkdoclet
",1,0,0
"tests: Update generic-api-test
",0,0,1
"Add tests for drivers
",0,0,1
"Add tests for MarkupReader
",0,0,1
"Add tests for libvaladoc/parser and gtkdoc-scanner
",0,0,1
"libvaladoc: Move Api.NodeType to api/nodetype.vala
",0,0,1
"drivers: fix namespace comment selection
",0,1,0
"libvaladoc: fix vala 0.14.x compatibility
",0,1,0
"libvaladoc/html: Show all known sub-structs
",1,0,0
"libvaladoc: register child structs
",1,0,0
"libvaladoc: Drop deprecated methods
",0,0,1
"libvaladoc: rename Api.Interface.get_all_implemented_interface_list to get_full_implemented_interface_list
",0,0,1
"libvaladoc/html: Add ""All known members inherited from ""
",1,0,0
"gtkcommentparser: Fix --verbose
",0,1,0
"gir-importer: Process implicit parameters
",1,0,0
"gtkdoc: accept %<numeric>
",1,0,0
"libvaladoc/api: Fix memory cycle: method.base_method <> method
",0,1,0
"driver/0.18.x: Add support for vala-0.17.4
",1,0,0
"libvaladoc/parser: add workaround for  broken symbol resolver (valac 0.17.4)
",1,0,0
"libvaladoc: accept @return in constructors
",1,0,0
"libvaladoc: accept ""Vala ??.??.??-dirty"" as driver format
",1,0,0
"error/warning message improvements
",0,0,1
"doclets/devhelp: Imrpove page titles
",0,0,1
"doclets/htm: Imrpove page titles
",0,0,1
"libvaladoc: Improve plugin selection (#676453)
",1,0,0
"libvaladoc: Avoid reparsing of comments
",0,1,0
"libvaladoc/taglets: error/warning message improvements
",0,0,1
"libvaladoc/html: Add methods to package overviews
",0,1,0
"libvaladoc/api: Fix documentation for Method.is_override
",0,0,1
"libvaladoc/api: Fix documentation for Method.is_static
",0,0,1
"libvaladoc/api: Drop glib_error
",0,0,1
"libvaladoc: Add context check for @return
",1,0,0
"libvaladoc: Add context check for @throws
",1,0,0
"libvaladoc: ErrorReporter: Drop ErrorType
",0,0,1
"libvaladoc: @throws: Check for unthrown exceptions
",1,0,0
"libvaladoc/api: Add missing parameters to signals
",0,1,0
"driver/0.18.x: Add support for vala-0.17.1+
",1,0,0
"libvaladoc/html: Turn namespace/package-notes into links
",0,0,1
"Add support for valac 0.18.0
",1,0,0
"driver: Trim lines in *.dep files
",0,1,0
"libvaladoc: Fix typo in ValadocDocumentationScanner
",0,0,1
"libvaladoc: documentation fixes
",0,0,1
"libvala: Add support for libvala-0.16
",1,0,0
"libvaladoc/html: Sort subnamespaces in navis
",1,0,0
"libvaladoc: gir-importer: Error reporting improvements
",0,0,1
"doclet/devhelp: Add name="""" to <book>
",0,1,0
"valadoc: LinkHelper: turn get_package_link into a virtual method
",1,0,0
"libvaladoc: mark @deprecated as deprecated
",1,0,0
"libvaladoc: docparser: Fix invalid cast in lists
",0,1,0
"gtkdoc-renderer: Fix broken escapes
",0,1,0
"gtkdoc-renderer: Avoid possible \n in signal/property-links
",0,1,0
"gtk-importer: Allow ""struct [id]*] inside docbook type tags
",1,0,0
"gtkdoc-parser: Allow <title> in ordered and itemized lists
",1,0,0
"gtkdoc-parser: Fix possible infinite loop
",0,1,0
"gtkdoc-importer: Add support for orderedlist
",1,0,0
"gtkdoc-importer: Add support for refsect3
",1,0,0
"gtkdoc-importer: Add support for variablelist
",1,0,0
"gtkdoc-importer: Add support for sections
",1,0,0
"libvaladoc: Accept block content in list-items
",1,0,0
"gtkdoc-importer: Allow mixed content in refsect2
",1,0,0
"gtkdoc-parser: Add a helper for mixed content
",0,0,1
"gtkdoc-importer: Add support for abbrev
",1,0,0
"gtkdoc-importer: Add support for literallayout
",1,0,0
"gtkdoc-importer: Add support for informaltable
",1,0,0
"gtkdoc-importer: Add support for computeroutput
",1,0,0
"gtkdoc-importer: Add support for varname
",1,0,0
"gtkdoc-importer: Fix to_string for xml-close
",0,1,0
"gtkdoc-importer: Add support for figures
",1,0,0
"libvaladoc: gtkdoc: Add support for important
",1,0,0
"gtkdoc-importer: Merge rule for example & informalexample
",0,0,1
"Add a metadata-format for gir files
",1,0,0
"libvaladoc: Add support for SourceCode attributes
",1,0,0
"Add support for vala 0.15.1
",1,0,0
"Embedded: Search images relative to the file
",1,0,0
"doclets/devhelp: Add full wiki-support
",1,0,0
"libvaladoc: Allow conditional spaces in headlines
",1,0,0
"libvaladoc: Fix broken nullchecks in parser.error & warning
",0,1,0
"libvaladoc: add helpers for valadoc.org
",1,0,0
"libvaladoc: drop varargs for signatures with implicit parameters
",0,1,0
"Fix -D
",0,1,0
"libvaladoc/html: Keep error-reporter for derived doclets
",1,0,0
"libvaladoc: gtkdoc-parser: Fix possible segfault in footnotes
",0,1,0
"libvaladoc: ModuleLoader cleanups
",0,0,1
"libvaladoc: ModuleLoader cleanups
",0,0,1
"libvaladoc: gir-reader: accept @<id>(::|:|->|.)(<gid>)
",1,0,0
"libvaladoc/html: Add style for {{{source}}}
",1,0,0
"libvaladoc: gir-reader: Unescape %, @, (, ), &, #
",1,0,0
"libvaladoc/html: Signals: Hide content listing
",0,1,0
"libvaladoc: gir-reader: accept #[id].[id|func]
",1,0,0
"libvaladoc/html: Hide redundant links
",0,0,1
"Fix segfault triggered by valac-errors
",0,1,0
"libvaladoc: reorder @param
",1,0,0
"libvaladoc: @parameter: check for existence
",1,0,0
"libvaladoc/api: Signals: Add missing ""signal"" keyword to signatuers
",0,1,0
"libvaladoc: gir-reader: accept #[id]->[id|func]
",1,0,0
"libvaladoc: gir-reader: allow _ as prefix in function names
",0,1,0
"libvala: gir-reader: fix spaces/newlines in img-alt-text
",0,1,0
"libvaladoc: gir-reader: Improve @-quirks-mode
",1,0,0
"libvaladoc: gir-reader: accept &pi;, &gt;, &lt;, &solidus;
",1,0,0
"libvaladoc: gir-reader: accept @...
",1,0,0
"libvaladoc: gir-reader: improve short descs
",1,0,0
"libvaldoc/html: Add missing - between ns and short desc
",0,1,0
"Add initial reading-support for <doc>
",1,0,0
"Add warning & note tags
",1,0,0
"driver: merge 0.13.* and 0.14.*
",0,0,1
"libvaladoc: parser: Fix broken ?
",0,1,0
"libvaladoc: gir-importer, c-resolver : various improvements
",1,0,0
"drivers: merge 0.11.* and 0.12.*
",0,0,1
"doclets: Fix text size in html & devhelp
",0,1,0
"gir: basic reading support
",1,0,0
"driver/0.13: vapidir-fix
",0,1,0
"Add doap file
",0,0,1
"driver: 0.14: Add throws declaration to signatures
",0,1,0
"drivers: Add 0.16.x
",1,0,0
"doclets/devhelp && htm: Fix output directory creation
",0,1,0
"drivers: Add 0.14.x driver
",1,0,0
"libvaladoc/html: BasicDoclet: <title> improvements
",0,0,1
"driver-0.13.x: Add basic gir support
",1,0,0
"Various cleanups
",1,1,1
"driver/0.10.x: Fix get_method_binding_type, static
",0,1,0
"driver/0.10.x: Add support for attributes
",1,0,0
"driver/0.10.x: Fix type parameter creation for methods and implemented interfaces
",0,1,0
"driver/0.11.0: Add support for attributes
",1,0,0
"version/0.11.0: Fix get_method_binding_type, static
",0,1,0
"driver/0.11.0: Fix type parameter creation for methods and implemented interfaces
",0,1,0
"driver/0.11.x: Fix type parameter creation for methods and implemented interfaces
",0,1,0
"version/0.11.x: Fix get_method_binding_type, static
",0,1,0
"driver/0.12.x: Add support for attributes
",1,0,0
"driver/0.12.x: Fix type parameter creation for methods and implemented interfaces
",0,1,0
"ver/0.12.x: Fix get_method_binding_type, static
",0,1,0
"driver/*, libvaladoc: Move ChildSymbolRegistrar to libvaladoc
",0,0,1
"libvaladoc/html: Add non-static methods to namespace-content
",0,1,0
"poppler-glib: Drop unnecessary dependencies

Thanks to tarnyko for the patch.

Fixes bug 702873.
",0,0,1
"gtktemplate: Allow connecting signals of the template class itself
",1,0,0
"codegen: Allow scope=async delegates to be used in vala code

Fixes bug 703804
",1,0,0
"Align gtk templates to new gtk+/glib api

Based on patch by ebassi.
",1,0,0
"libarchive: Fix read_data_block C name

Fixes bug 704612.
",0,1,0
"Do not warn for non-default parameter if it's ellipsis
",0,1,0
"girparser: Support scope=async parameters.

Based on patch by Evan.

Fixes bug 704176.
",1,0,0
"Do not warn about non-default parameters for coroutines.

Reopens bug 644241.
",0,1,0
"Support chain up to constructv functions.
",1,0,0
"codegen: Inherit array_{length,null_terminated} from base parameter

First commit to start inheriting ccode attributes of parameters
from base parameters of base methods.

Partially fixes bug 642885.
",1,0,0
"codegen: Inherit array_{length,null_terminated} from base parameter

First commit to start inheriting ccode attributes of parameters
from base parameters of base methods.

Partially fixes bug 642885.
",1,0,0
"Fix subtle bug in flowanalyzer that made the compiler crash

By not copying the datatype the parent_node was overwritten.
The bug was reproducible only with G_SLICE=always-malloc .
",0,1,0
"Set parent_node and always copy datatype when assigned to code nodes.

This is a delicate patch that fixes subtle memory corruption bugs in
libvala users and the compiler itself.
It might break some application, so this commit is open for testing.
",0,1,0
"Revert ""Set parent_node and always copy datatype when assigned to code nodes.""

This reverts commit a09c9e93af0d64b9331c274de573465fe070b722.

Fixes bug 709587.
",0,1,0
"Fix crash due to not copying a type
",0,1,0
"girparser: Support new gir format (deprecated, doc-version, doc-deprecated)
",1,0,0
"Merge branch 'staging'

Conflicts:
	vala/valagirparser.vala
",0,0,0
"Fix memory leak when assigning an owned gvariant to an unowned variable

Fixes bug 710882.
",0,1,0
"Revert ""gio-2.0: Fix uint8[]/char** types for contents parameters for g_file_[load|replace]_contents()""

This reverts commit e4ef6fb72f560da385a09d262ef8afd2b64a1fc8.
",0,1,0
"gio-2.0: Update. New Notification and Subprocess api

Based on patch by Florian MÃ¼llner.

Fixes bug 710912.
",1,0,0
"codegen: Zero length of arrays when transferring ownership

This allows var data = (owned) aGenericArray.data;
without later setting data.len = 0 manually.
",1,0,0
"analyzer: Fix critical when catch clause does not catch an ErrorType

Based on patch by Severin Heiniger.

Fixes bug 670806.
",0,1,0
"gtk+-2.0, gtk+-3.0: Improve TextMark constructor with nullables and defaults
",0,1,0
"girparser: Fix some source reference when reporting errors after parsing
",0,1,0
"girparser: Handle delegate aliases

Fixes bug 667751
",1,0,0
"codegen: Fix memory leak introduced by fe9beb82b6809
",0,1,0
"gtktemplate: Handle callbacks for detailed signals

Fixes bug 720825
",1,0,0
"Fix coalescing operator semantics check.

The left operand was not put in any code block
before the check, thus it wasn't able to transform itself.

Fixes bug 691514.
",0,1,0
"codegen: Support ""foo is G""
",1,0,0
"glib-2.0: Fix short.abs() to be an instance method
",0,1,0
"Fix calling methods on struct pointers

Fixes bug 686190
",0,1,0
"codegen: Reduce the number of temporary variables

If a temporary variable has been generated internally,
do not create another regardless of whether it's floating or not.
",0,0,1
"codegen: Always assume external interface properties are gobject properties
",0,1,0
"Fix semantics for coalesce operator when target_type is null.

Fixes bug 639482
",0,1,0
"Add create_temp_access to properly access a temp variable after transformation
",0,1,0
"Use create_temp_access instead of local.floating in MethodCall
",0,0,1
"Use create_temp_access instead of local.floating in ObjectCreation
",0,0,1
"Avoid unnecessary copies when using the coalescing operator

Fixes bug 661985
",1,0,0
"Drop LocalVariable.floating usage, replaced by create_temp_access
",0,0,1
"Fix regression when coalescing: value owned if either of the two is owned
",0,1,0
"Add build-aux/test-driver to .gitignore
",0,0,1
"Fix regression in method calls that throw errors with Value target type

Related to bug 723009
",0,1,0
"gtkmodule: Ensure child gtypes are initialized before creating the template

Fixes bug 720282
",1,0,0
"girparser: Add type_id metadata
",1,0,0
"girparser: Shut unused destroys_instance warning
",0,1,0
"gstreamer-1.0: Fix ElementFactory.get_static_pad_templates return type

Fixes bug 720694
",0,1,0
"girparser: Shut warning about unused experimental metadata
",0,1,0
"girparser: Add array_null_terminated, fixes hand-written change in gio
",0,1,0
"dbusserver: Rename the generated ""parameters"" identifier

Fixes bug 725555.
",0,1,0
"gio-2.0: Make Action.state, state_type and parameter_type nullable

Fixes bug 725367
",0,1,0
"gio-2.0: Also make Action.get_state_hint nullable
",0,1,0
"gtk+-2.0, gtk+-3.0: Make ComboBox.set_active_iter parameter nullable

Fixes bug 726141
",0,1,0
"Add test for bug 726347
",0,0,1
"gstreamer-1.0: Make Element.add_pad parameter unowned

Fixes bug 702960
",0,1,0
"gstreamer-1.0: Make Bin.add_many first parameter unowned

Fixes bug 702969
",0,1,0
"gstreamer-1.0: Make Bin.add first parameter unowned
",0,1,0
"codegen: Inherit array_length and array_null_terminated of methods

Fixes bug 726744
",1,0,0
"gidlparser: Do not set nullable to void type
",0,1,0
"gstreamer-0.10: Set GstURIHandler.get_uri_type vfunc to get_type

Fixes bug 726745
",0,1,0
"tests: Use sed '$d' because head -n -1 is not portable

Fixes bug 726908
",0,1,0
"atk: Update and fix metadata

Fixes bug 727029
",1,1,0
"girparser: Support interface aliases
",1,0,0
"libnotify: Updated to 0.7.6-3-gda49c8c

See https://bugzilla.gnome.org/show_bug.cgi?id=667904
",1,0,0
"gdl-3.0: Update after the GdkEvent change from struct to class
",0,1,0
"Remove gedit from all-bindings as it will be shipped upstream
",1,0,0
"geocode-glib-1.0: update to 3.12.0-5-g7eb1490
",1,0,0
"gobject-introspection-1.0: regenerate according to vala-girs
",1,0,0
"girparser: reset cheader_filenames before parsing a gir

Remove gedit-2.20 from all-bindings due to a random bug.
Sometimes it's successful, sometimes it's not.
",0,1,0
"gtk+3.0: fix Application.set_accels_for_action array parameter

Fixes bug 727752
",0,1,0
"Support (unowned type)[] syntax for transfer-container arrays

Fixes bug 571486
",1,0,0
"Fix writing vapis with (unowned type)[]
",0,1,0
"girparser: Make array element type owned by default
",0,1,0
"Revert ""girparser: Make array element type owned by default""

This reverts commit 1c814e174d161102ea3288121f6b4c09c8b46482.
",0,1,0
"Fix gir and gidl bindings due to (unowned type)[] arrays
",0,1,0
"Support explicit interface methods implementation

Fixes bug 652098
",1,0,0
"gobject: Add Binding.unbind

Fixes bug 730967
",1,0,0
"codegen: Simplify field initialization for struct types

Fixes bug 703996
",1,0,0
"girparser: use identifier prefix from GIR when appropriate

Fixes bug 731066
",1,0,0
"glib-2.0: support Variant objv

Fixes bug 729695
",1,0,0
"gvariant module: Fix memory leak when deserializing hashtables with gvariant

Fixes bug 698260
",0,1,0
"non-nullable: Accessing array methods is safe when the array is null

Partially fixes bug 728656
",0,1,0
"Call g_signal_handlers_destroy on gtypeinstance finalizer

Fixes bug 708130
",1,0,0
"codewriter: Do not write (unowned string)[] for constants

The element type of a constant array is forced to be unowned
in the parser. Therefore we don't write (unowned string) to avoid
breaking vapi parsing uselessly with older valac versions.

Fixes bug 732080
",0,1,0
"Fix previous 6c36eb4 commit
",0,1,0
"Add lvalue_access = false to Mutex and Cond

Fixes bug 733500
",0,1,0
"Add Simon Werbeck to THANKS
",0,0,1
"Report an error when parsing non-public struct fields

Fixes bug 683413
",0,1,0
"parser: Report error only for private instance fields in structs

Fixes bug 734787
",1,1,0
"glib-2.0: fix Hmac.update bindings

Fixes bug 735041
",0,1,0
"Report warning instead of error for private struct fields
",0,1,0
"Fix critical when using binary expression in a generics context

Fixes bug 735117
",0,1,0
"Fix regression when assigning owned expressions to unowned variables.

The regression was introduced by db462e6f919da758fb.

Fixes bug 736016
",0,1,0
"Fix critical on method varargs introduced by 7b6ee1be

Fixes bug 736168
",0,1,0
"Resolve symbols in named arguments

Fixes bug 736235
",0,1,0
"girwriter: Write accessor methods for interface properties

Fixes bug 733115
",1,0,0
"Revert ""Fix regression when assigning owned expressions to unowned variables.""

This reverts commit ba1fa0759989dcbb9046c7dfc06cce6c4aa23411.

Due to bug #736774
",0,1,0
"gtk+-3.0: Add a11y.h header to accessible objects

Based on patch by Peter Vagner

Fixes bug 735265
",0,1,0
"gstreamer-1.0: remove owned to floating reference parameters

Commit 6296d34707 (bug 730983) added the owned
keyword back without any reason.

Fixes bug 738012
",0,1,0
"fix typo for non-constant field initializers
",0,0,1
"Add test for commit 0f0bca7e0519
",0,0,1
"Use .ascii_up() instead of .up()

Fixes bug 739393
",0,1,0
"gtk+-2.0, gtk+-3.0: make TextBuffer insert methods ref the iter

Yes, this breaks users of this api. Can't do better, sorry.

Fixes bug 736198
",0,1,0
"gobject-2.0: Add DestroysInstance to Binding.unbind()

Fixes bug 740117
",0,1,0
"Update gio vapi after vala-girs update
",1,0,0
"Warn about unused attributes

This may not be the best approach, but it's a start
",1,0,0
"Fix recent syntax errors with older valac
",0,1,0
"Add more default attributes
",1,0,0
"Add ScanfFormat to used attributes
",1,0,0
"Add more used attributes

Fixes bug 741089
",1,0,0
"Add other missing CCode arguments, NoWrapper and DestroysInstance
",1,0,0
"Error when lambda parameter has incompatible direction with the delegate

Fixes bug 740894
",1,0,0
"Support XOR operation for booleans

Fixes bug 729907
",1,0,0
"Add used DBus attribute and fix UnixMountEntry lower_case_cprefix

Fixes bug 741089
",1,1,0
"Add Signal to known attrs
",1,0,0
"Add Description to known attrs
",1,0,0
"codegen: Support constant unary expressions in field initializers
",1,0,0
"Fixed documentation comments of the service interface and abstract class.
",0,0,1
"Issue #1471310 by drunken monkey: Fixed handling of unset fields when indexing.
",0,1,0
"Issue #1819412 by drunken monkey: Added clean way for retrieving an index's data alterations and processors.
",1,0,0
"Added two @todos to includes/query.inc.
",0,0,1
"Issue #1959088 by drunken monkey: Fixed titles for contextual filters.
",0,1,0
"Adapted CHANGELOG.txt to 1.5 release.
",0,0,0
"Fixed coding style of the SearchApiStopWords processor.
",0,0,1
"Issue #872912 by drunken monkey: Expanded and fixed test cases.
",0,0,1
"Issue #1992228 by drunken monkey: Fixed current search block for empty keys.
",0,1,0
"Issue #1993536 by drunken monkey, jpieck: Fixed handling of empty values in processors.
",0,1,0
"Issue #1697246 by drunken monkey: Added ""Parse mode"" option to views.
",1,0,0
"Minor documentation fixes.
",0,0,1
"Issue #1346276 by drunken monkey: Fixed Tokenizer should only run on fulltext fields.
",0,1,0
"Improved documentation for datasource controllers.
",0,0,1
"Improved documentation for datasource controllers.
",0,0,1
"Fixed CHANGELOG.txt.
",0,0,1
"Adapted CHANGELOG.txt to 1.6 release.
",0,0,0
"Issue #1285794 by drunken monkey: Fixed ""All"" option in Views' exposed ""Items per page"" setting.
",0,1,0
"Issue #1694832 by drunken monkey: Fixed index field settings getting stale when Field API field settings change.
",0,1,0
"Issue #1288724 by brunodbo, drunken monkey, fearlsgroove: Added option for using OR in Views fulltext search.
",1,0,0
"Issue #2013581 by drunken monkey: Added multi-valued field to test module.
",1,0,0
"Issue #2010116 by drunken monkey: Enabled ""Index items immediately"" for the default node index.
",1,0,0
"Issue #1999858 by drunken monkey: Cleaned up API documentation for data alterations.
",0,0,1
"Follow-up to #1288724 by drunken monkey: Set proper default for fulltext search filter operator.
",0,1,0
"Issue #2012706 by drunken monkey: Fixed $reset parameter for load functions.
",0,1,0
"Issue #1837782 by drunken monkey: Fixed enabling of indexes through the Status tab.
",0,1,0
"Issue #1310970 by drunken monkey: Added improved UI help for determining which fields are available for sorting.
",1,0,0
"Issue #1246998 by drunken monkey: Fixed deletion of items in read-only indexes.
",0,1,0
"Issue #1311260 by drunken monkey: Fixed tokenizing of string fields.
",0,1,0
"Fix documentation style of includes/query.inc.
",0,0,1
"Issue #2024189 by drunken monkey: Improved serialization of the query class.
",1,0,0
"Issue #1612708 by drunken monkey: Fixed Views caching with facet blocks.
",0,1,0
"Adapted CHANGELOG.txt to release 1.7.
",0,0,0
"Issue #1064520 by drunken monkey: Added a processor for highlighting.
",1,0,0
"Follow-up to #1064520 by drunken monkey: Added a processor for highlighting.
",0,1,0
"Issue #2041365 by drunken monkey: Fixed error reporting for the MLT contextual filter.
",0,1,0
"Issue #2011396 by drunken monkey: Fixed support for several facets on a single field.
",0,1,0
"Issue #1414078 by drunken monkey, jaxxed: Fixed revert of exportables.
",0,1,0
"Issue #2053171 by drunken monkey: Improved tests.
",0,0,1
"Issue #1878606 by drunken monkey: Fixed labels for boolean facets.
",0,1,0
"Issue #2052701 by drunken monkey, erdos: Fixed cron queue state when disabling the module.
",0,1,0
"Issue #2057867 by drunken monkey: Fixed multiple values for taxonomy contextual filter.
",0,1,0
"Issue #2069023 by drunken monkey: Fixed reaction to disabled modules.
",0,1,0
"Issue #2071229 by drunken monkey: Fixed use of core search constant.
",0,1,0
"Issue #2077035 by maciej.zgadzaj: Fixed whitespace recognition for search keys.
",0,1,0
"Issue #1921690 by drunken monkey: Fixed stale Views cache when indexed fields change.
",0,1,0
"Adapted CHANGELOG.txt to 1.8 release.
",0,0,0
"Minor code style fix.
",0,0,1
"Follow-up to #2084953 by drunken monkey: Fixed path of links to servers in added module dependencies.
",0,1,0
"Issue #2083481 by drunken monkey, nickgs: Added ""exclude"" option for facets.
",1,0,0
"Issue #2111273 by drunken monkey: Fixed Javascript states for exposed filter operator.
",0,1,0
"Small documentation comment fix.
",0,0,1
"Follow-up to #2111273 by drunken monkey: Fixed Javascript states for exposed options filter operator.
",0,1,0
"Issue #2114593 by drunken monkey: Added list of floats to test module.
",1,0,0
"Issue #2086783 by drunken monkey: Removed Views field handlers for ""virtual"" fields.
",0,1,0
"Adapted CHANGELOG.txt to the 1.9 release.
",0,0,0
"Issue #2100191 by drunken monkey, Bojhan: Added an admin description to the Search API landing page.
",1,0,0
"Issue #1956650 by drunken monkey, wwhurley: Fixed trackItemChange not checking for empty $item_ids.
",0,1,0
"Follow-up to #2110315 by drunken monkey: Fixed Views filter for non-Field API term references.
",0,1,0
"Issue #2115127 by drunken monkey: Fixed cron indexing logic to keep the right order.
",0,1,0
"Issue #2100199 by drunken monkey: Merged index tabs for a cleaner look.
",1,0,0
"Fixed one comment line length.
",0,0,1
"Issue #2100193 by drunken monkey: Turned operations in overview into D8 dropbuttons.
",0,0,1
"Issue #2100231 by drunken monkey: Renamed ""Workflow"" tab to ""Filters"".
",1,0,0
"Issue #1961120 by drunken monkey: Fixed Views handling of short fulltext keywords.
",0,1,0
"Removed left-over CSS and applied some documentation fixes.
",0,0,1
"Some doc style fixes.
",0,0,1
"Some doc comment fixes for includes/query.inc.
",0,0,1
"Some doc comment fixes.
",0,0,1
"Issue #1551302 by drunken monkey: Fixed the server tasks system.
",1,1,0
"Issue #2128001 by drunken monkey: Fixed the logic of the ""contains none of these words"" fulltext operator.
",0,1,0
"Minimal doc comment fix.
",0,0,1
"Some documentation and other comment fixes.
",0,0,1
"Follow-up to #2135363 by drunken monkey: Fixed logic of the ""skip result count"" option in Views.
",0,1,0
"Issue #2136019 by drunken monkey: Fixed mapping callback for taxonomy term facets.
",0,1,0
"Issue #2139215 by drunken monkey: Fixed $context parameter of batch callback.
",0,0,1
"Doc comment fixes for the implemented entity CRUD hooks.
",0,0,1
"Issue #2139239 by drunken monkey: Fixed highlighting for the last word of a field.
",0,1,0
"Issue #2100671 by drunken monkey: Fixed stopwords processor to ignore missing stopwords.
",0,1,0
"Issue #2144531 by drunken monkey: Fixed cloning of queries to clone filters, too.
",0,1,0
"Issue #2130819 by drunken monkey, Bojhan: Added UI improvements for the ""View"" tabs.
",1,0,0
"Adapted CHANGELOG.txt to 1.10 release.
",0,0,0
"Added dev release to CHANGELOG.txt again.
",0,0,0
"Follow-up to #2130819 by drunken monkey: Fixed service class description link in server view.
",0,1,0
"Issue #2150347 by drunken monkey: Added access callbacks for indexes and servers.
",1,0,0
"Follow-up to #2118589 by drunken monkey: Fixed false error messages when ""Node access"" data alteration is disabled.
",0,1,0
"Issue #2155575 by drunken monkey: Fixed incorrect ""Server index status"" warnings.
",0,1,0
"Issue #2155127 by drunken monkey: Clarified the scope of the ""Node access"" and ""Exclude unpublished nodes"" data alterations.
",1,0,0
"Issue #1879196 by drunken monkey: Fixed invalid old indexes causing errors.
",0,1,0
"Adapted CHANGELOG.txt to 1.11 release.
",0,0,0
"Back to dev version.
",0,0,0
"Issue #1227702 by drunken monkey: Improved error handling.
",1,1,1
"Issue #2150779 by hefox: Fixed ""Overridden"" detection for index features.
",1,0,0
"Fixed small comment typo.
",0,0,1
"Follow-up to #2168713 by drunken monkey: Fixed highlighting of keys containing slashes.
",0,1,0
"Issue #2198261 by drunken monkey: Fixed fatal error on view editing.
",0,1,0
"Corrected a tiny comment typo.
",0,0,1
"Issue #2187487 by drunken monkey: Fixed admin summary of language filter.
",0,1,0
"Issue #1888174 by drunken monkey, ipallian: Fixed problems with date facets.
",0,1,0
"Issue #2219563 by drunken monkey: Added __toString() methods for queries and filters.
",0,0,1
"Issue #2169455 by drunken monkey: Fixed ""undefined index"" in search_api_update_7116().
",0,1,0
"Issue #2198791 by drunken monkey: Fixed empty Views entity filters.
",0,1,0
"Issue #2179755 by drunken monkey, fago: Fixed whitespaces after HTML filter.
",0,1,0
"Issue #2135697 by drunken monkey: Fixed handling of HTML attributes in the Highlighting processor.
",0,1,0
"Issue #2219553 by drunken monkey: Fixed Views fulltext filter operators.
",0,1,0
"Issue #2265349 by drunken monkey: Marked _search_api_settings_equals() as deprecated.
",0,0,1
"Adapted CHANGELOG.txt to 1.12 release.
",0,0,0
"Back to dev version.
",0,0,0
"Issue #2278791 by drunken monkey | tksmd: Fixed excerpt when searching single CJK word.
",0,1,0
"Fixed signature of the SearchApiViewsQuery::getOption() proxy method.
",0,1,0
"Adapted CHANGELOG.txt to 1.13 release.
",0,0,0
"Back to dev version.
",0,0,0
"Issue #2278737 by drunken monkey: Fixed use of multiple Views fulltext search filters.
",0,1,0
"Issue #2305627 by drunken monkey, cpliakas: Fixed date facets not displayed when the configured granularity is larger than the calculated granularity.
",0,1,0
"Issue #1372092 by drunken monkey: Added an error message when no service class is available when creating a server.
",1,0,0
"Issue #2305755 by drunken monkey, pfrenssen: Fixed invalidation of the stored index fields cache.
",0,1,0
"Fixed error message in search_api_search_api_query_alter().
",0,1,0
"Issue #2174163 by drunken monkey: Fixed detection of field type changes by data alterations.
",0,1,0
"updated licenses
",0,0,1
"updated licenses
",0,0,1
"updated licenses
",0,0,1
"updated licenses
",0,0,1
"updated licenses
",0,0,1
"updated licenses
",0,0,1
"updated licenses
",0,0,1
"Adapts the namespace of all TapiJI plug-ins to org.eclipselabs.tapiji.*.
",0,0,1
"Adapts the namespace of all TapiJI plug-ins to org.eclipselabs.tapiji.*.
",0,0,1
"Adapts the namespace of all TapiJI plug-ins to org.eclipselabs.tapiji.*.
",0,0,1
"Adapts the namespace of all TapiJI plug-ins to org.eclipselabs.tapiji.*.
",0,0,1
"Adapts the namespace of all TapiJI plug-ins to org.eclipselabs.tapiji.*.
",0,0,1
"Adapts the namespace of all TapiJI plug-ins to org.eclipselabs.tapiji.*.
",0,0,1
"Adapts the namespace of all TapiJI plug-ins to org.eclipselabs.tapiji.*.
",0,0,1
"Adapts the namespace of all TapiJI plug-ins to org.eclipselabs.tapiji.*.
",0,0,1
"Adapts the namespace of all TapiJI plug-ins to org.eclipselabs.tapiji.*.
",0,0,1
"Adapts the namespace of all TapiJI plug-ins to org.eclipselabs.tapiji.*.
",0,0,1
"Fixes bug in generation of Java bundle key hovers.
",0,1,0
"Fixes minor bugs.
",0,1,1
"Fixes minor bugs

",0,0,1
"Fixes minor bugs
",0,1,1
"Fixes minor bugs
",0,1,1
"Fixes minor bugs
",0,1,0
"adapt plugin versions
",0,0,1
"Releases V0.0.2
",0,0,1
"Fixing typo and minor bug.
",0,1,1
"Fixes configuration bugs.
",0,1,0
"Adapts product configuration.
",0,0,1
"Fixing resource save error.
",0,0,1
"Creating private branch for the implementation of key refactoring functionality.

",0,0,0
"removes  and  plug-ins
",0,0,0
"removes essiembre resource bundle editor
",0,0,0
"adds the plug-ins  and
",1,0,0
"adds missing folders in  plug-in
",0,1,0
"adds missing icons folder for
",0,1,0
"removes ui core
",0,0,0
"adds ui core
",1,0,0
"Creates `stable` branch.

The stable branch is copied from `issue-32` and used for getting a stable release that is based on the babel editor plug-in.

",0,0,1
"Creates branch `master`

",0,0,1
"Adapts babel core for supporting a Compiler compliance level of 1.5.

Revoves @Override annotation that lead to export errors with a configured compiler compliance level of 1.5.

",0,0,1
"Removes unused dependencies/imports.

First step of cleaning up the current codebase. All Java imports have been revisited and organized.

",0,0,1
"Prototypes marker update approach.

Gets the markers current position information from the abstract marker annotation model.

",1,0,0
"Cleans up plugin configuration files.

Cleans up build properties.

",0,0,1
"Merges  into .
",0,0,0
"removes the outdated package namespace `at.ac.tuwien.inso.tapiji`.

",0,0,1
"Adapts the translator for using the messages editor.

",1,0,0
"Defines the babel editor dependency to the PDE as optional.

Fixes Issue 45.
Fixes Issue 51.
Uses Java reflection for accessing PDE related classes. If the PDE plug-in isn't loaded within the currently executed Eclipse instance, the Babel editor skips checks for Fragment projects.
Also fixes a minor typo within the babel editor UI.


",1,0,0
"removes remaining eclipselabs package stubs.

",0,0,0
"Renames also the plugin directories.


",0,0,1
"Removes the unused completion proposal `ValueOfResourceBundleProposal`.

",0,0,1
"Fixes some critical auto-complete issues.

Addresses Issue 62
Open issues:
 * Calling auto-complete in the middle of a string, leads to wrong outcome.
 * Calling auto-complete in bundle context (without string literal context) leads to wrong result.


",0,1,0
"Fixes further critical problems with auto-completion.

",0,1,0
"Final cleanup of the java auto-complete functionality.

Open point:
 * use start and end session callbacks

",0,1,0
"Disables tapiji auto-complete, when the user types non-string-literals.

Fixes Issue 63

",1,0,0
"increases generation performace of auto-complete proposals.

Fixes Issue 62.

",0,0,1
"Renames `StringLiteralAuditor` to `I18nBuilder`.

Addresses Issue 72.

",0,0,1
"Encapsulates extension point management into `ExtensionManager`.

Fixes Issue 72.

Applied changes:
 * Extract extension point handling into the new static manager class `ExtensionManager`
 * Removes the static initialization block from `I18nBuilder`

",0,0,1
"Adds missing code license headers.

Adresses Issue 75.

",0,0,1
"Renames `tapiji.tools.java` to `tapiji.tools.java.ui`

",0,0,1
"Adds the new project `tapiji.tools.java`.

",0,0,1
"Separates core and ui concerns for the java extension plug-in.

",0,0,1
"Adapts license headers.

Fixes Issue 75.
Adds Contributors section.
",0,0,1
"Adds contribution comments for Michael Gasser.

",0,0,0
"Cleans up `tapiji.tools.java.ui`.

",0,1,0
"Cleans up build stragegy.

",1,0,0
"Improves performance of building resource / cleans up projects.

Fixes Issue 76.

Touches resources after creating a new resource bundle entry.

",0,0,1
"
",0,0,1
"Separates UI and non-UI concerns for the core plug-in.

Contributes Issue 73.
 * Adapts the Activator to extend `Plugin` instead of `AbstractUiPlugin`
 * Moves marker and nature management to `core.ui`

",0,0,0
"Adds missing resources to translator plug-in.

",0,1,0
"Fixes marker update problem in Messages editor.

Fixes Issue 79.

",0,1,0
"Minor clean up.

",0,0,1
"Updates license headers.

",0,0,1
"Creates new master from stable.

",0,0,0
"Deletes branch master.

",0,0,0
"Renames branch 'master_tmp' to 'master'.

",0,0,0
"Removes out-dated LGPL sources and adapts copyright headers.

The wording ""TapiJI"" located in the copyright header has been replaced with a list of all contributors that have modified a particular file.

",0,0,1
"Fixes bugs in nature assignment.

",0,1,0
"Fixes bug in CreateResourceBundleEntryDialog.

",0,1,0
"Fixes startup exception in rbmanager plugin and detects bundles during startup.

Fixes Issue 87
References Issue 50
Fixes a excetption within the ResourceBundleDetectionVisitor that occurred during startup. Moreover, the TapiJI core triggers a search for Resource bundles directly after startup.


",0,1,0
"Fixes bug in loading resource bundles.

During startup some resource bundles are not detected. The reason therefore was an inproperly handled exception. This change adapts exception handling as well as bundle loading.

",0,1,0
"Merges revisions 500-560 from stable into master branch.

",0,0,0
"Merges stable into master.


",0,0,0
"Merges stable into master.

",0,0,0
"Merges stable into master.

",0,0,0
"Fix NPE during startup of translator application.

Fixes NPE during lookup of project name for RCP translator.

",0,1,0
"Update about.html files.
",1,0,0
"Remove org.eclipse.babel.tapiji.translator.rbe plug-in.


",0,0,1
"Merge branch 'stable' into branch 'master'

Conflicts:
	org.eclipse.babel.core/src/org/eclipse/babel/core/message/internal/MessagesBundleGroup.java
	org.eclipse.babel.core/src/org/eclipse/babel/core/message/strategy/PropertiesFileGroupStrategy.java
	org.eclipse.babel.tapiji.translator.rbe/META-INF/MANIFEST.MF
",0,0,0
"Replaces new PDEUtils merged from stable branch with old PDE Utils.

We prefer using the new PDEUtils class written by Stefan Reiterer. But since this class brings us a direct dependency to the PDE package, we must replace it with the old implementation. Otherwise, the translator cannot use it, because it runs outside the PDE environment.
",1,0,0
"Adds gitignore file.
",0,0,1
"Removes the outdate plug-in 'org.apache.commons.io'.
",0,0,1
"[RAP] Removes outdated encryption project from warfile definition.
",0,0,1
"Massive whitespace replacement (kill trailing spaces & spaces instead of tabs)
",0,0,1
"Define gitignore rules for project binaries and local settings.

Cleans up plug-in projects by removing `.setting` folders. For preventing the checkin of binary data and local settings, a `.gitignore` file has been specified.
(cherry picked from commit 604412a22d0e7fc0480489a76affe0c55d885d06)

Conflicts:

	.gitignore
	org.eclipse.babel.editor/.settings/org.eclipse.jdt.core.prefs
",0,0,1
"Removes icon folder from the tool's core plugin.

Since all UI specific concerns are part of the *.ui plug-ins, the icon folder within the tool's core plug-in does not fit the coding conventions and must be removed.
(cherry picked from commit 10f451944f14261f2d425dd085705e2db00df76b)
",0,0,1
"Cleans up build properties and plugin description files.

Based on previous refactorings, build properties got out-of-sync with the plug-in content. This change also cleans warnings from `plugin.xml` files.
(cherry picked from commit 9ae85d634223cec5c208e29c63b81c773fccf0be)
",0,0,1
"Remove unused icons from org.eclipse.babel.tapiji.tools.core.ui

The tool's core.ui plugin contained various unused icons. Some of them were original photoshop drafs and others are relicts from prototypical enhancements. This change removes all unused and temporal icons.
(cherry picked from commit 7cf7e3c7e6fb8f0c983929bda0a281a8d18efe91)
",0,0,1
"Removes outdated dependency to org.apache.io lib.
",0,0,1
"Fix error while restoring UI state if memento files are not present.

If the Eclipse IDE is started the first time with internationalization support, the TapiJI managed memento files are not present within the workspace. This changeset prevents an exception during startup if the state file is not found.
(cherry picked from commit 9a915cc7ecb994b9aef66a7648592ed36e27b89b)

Conflicts:

	org.eclipse.babel.tapiji.tools.core.ui/src/org/eclipse/babel/tapiji/tools/core/ui/ResourceBundleManager.java
	org.eclipse.babel.tapiji.tools.core.ui/src/org/eclipse/babel/tapiji/tools/core/ui/decorators/ExcludedResource.java
	org.eclipse.babel.tapiji.tools.core.ui/src/org/eclipse/babel/tapiji/tools/core/ui/memento/ResourceBundleManagerStateLoader.java
	org.eclipse.babel.tapiji.tools.core/src/org/eclipse/babel/tapiji/tools/core/Logger.java
",1,0,0
"Fixes bug in I18nBuilder.

If a full build is triggered, then only errors from the last parsed file were reported. This change fixes that problem.
",0,1,0
"Removes outdated dependency to org.eclipse.pde.core from the message editor's core plug-in.
(cherry picked from commit 1cb6c1c78aa88192b2a65c93ef3689d38cdf539c)

Conflicts:

	org.eclipse.babel.core/META-INF/MANIFEST.MF
",0,0,1
"Cleans up build scripts.
(cherry picked from commit 217a1d57903e87fc44a3ece7a69940943f33cb9f)

Conflicts:

	org.eclipse.babel.core/src/org/eclipse/babel/core/message/resource/ser/PropertiesDeserializer.java
	org.eclipse.babel.editor/build.properties
	org.eclipse.babel.tapiji.tools.build/build/maps/tapiji.map
",0,0,1
"Cleans up build information for the tool suite's core plug-ins
(cherry picked from commit 7aecbae043424f907a2445c85e9f98b1ecaa8792)

Conflicts:

	org.eclipse.babel.tapiji.tools.core/build.properties
",0,0,1
"Defines build process for babel tool suite
(cherry picked from commit 263c922fbabc49b79e1f4253a271fe842307aa27)

Conflicts:

	org.eclipse.babel.tapiji.tools.build/build.properties
	org.eclipse.babel.tapiji.tools.build/customTargets.xml
",1,0,0
"Adds build support using tycho and maven

This changeset adds the following new projects:
 * `org.eclipse.babel.tapiji.tools.parent`: Encapsulates the root pom file for maven and all commom pom settings
 * `org.eclipse.babel.tapiji.tools.target`: Specifies the target platform used for building the babel tool suite

Moreover, each project has been enhanced with a pom build definition that inherits from the pom located in `org.eclipse.babel.tapiji.tools.parent`.
(cherry picked from commit 48aed06137da06e7adaa9ba66b0ea674d33a2a24)

Conflicts:

	.gitignore
	org.eclipse.babel.core/.classpath
	org.eclipse.babel.core/.project
	org.eclipse.babel.core/build.properties
	org.eclipse.babel.editor.nls/.project
	org.eclipse.babel.editor/.classpath
	org.eclipse.babel.editor/.project
	org.eclipse.babel.editor/build.properties
	org.eclipse.babel.tapiji.tools.feature/.project
	org.eclipse.babel.tapiji.tools.java.feature/build.properties
",1,0,0
"Clean up of maven pom configuration
(cherry picked from commit d2988fea31413ad82247042a9c87070dbb02776d)
",0,0,1
"Removes outdated PDE build project

The PDE build based buildscript project is outdated now. It has already been replaced by a tycho based build approach. This change removes the outdated project files.
(cherry picked from commit 40ac64a981cd719c07a30eb2bbb0c67a4e82a1a0)
",0,0,1
"Adds missing about.html and epl-v10.html files

Moreover, about.html and epl-v10.html are bundled with source and binary distributions.
(cherry picked from commit 43156aea529bec140af112d7b27357a719d7a3af)

Conflicts:

	org.eclipse.babel.core/build.properties
",0,0,1
"Lift root pom into the repository root directory.

Provides a more transparent architecture for tycho build scripts. Moreover, missing license headers are added.
(cherry picked from commit 6e1f55383f0af834b148f77992d251cc5c5286b7)

Conflicts:

	pom.xml
",1,0,0
"Adds missing license headers and lifts epl-v10.html from project scope to repository scope

According to the guide for legal documentation missing license headers have been added. Moreover, license files in project/plugin scope are only required if a non-standard about.html is used. Therefore, they have been lifted to the root directory.
(cherry picked from commit b7a6b2bf441fd708704db1159c13cbce92600b4d)
",0,0,1
"Clean up build.properties files
(cherry picked from commit 37533f23fb71c70eab08d9f1de091fcae1b0c400)

Conflicts:

	org.eclipse.babel.editor.nls/build.properties
	org.eclipse.babel.tapiji.tools.core/build.properties
",0,0,1
"Defines a team working set for ""TapiJI Tool Suite""
",1,0,0
"Fix wrong reference in team project set
",0,1,0
"Remove projects that have been contributed to the eclipse babel technology project
",1,0,0
"Add rbmanager.ui to tools team project set
",1,0,0
"Prepares maven pom files for building tapiji translator (RCP)
",1,0,0
"Consistently remove remaining JDT dependencies from the RCP translator's product definition
",1,0,0
"Remove remaining dependency to pdeutils from the RCP translators product definition
",1,0,0
"Cleans up the RCP translators product definition
",0,0,1
"Provide target platform for building rcp translator
",1,0,0
"Cleans up rcp target platform
",0,0,1
"Adds multi-platform dependencies to rcp translator product definition file
",1,0,0
"Adds product icons for RCP translator
",1,0,0
"Removed CDO dependency
",1,0,0
"Fixed bundle names and license information
",0,0,1
"Added update site
",0,0,1
"Removed CDO from the UI project
",1,0,0
"317535: Dynamically add parts to any part (319357)

added a prototype for marking tasks as reviews (see bug 317867)
added PartAdvisor implementation which removes uninteresting parts from the task editor and adds the review part
added a ReviewDataManager, which keeps the review data in-memory
",1,0,0
"321269, 317535

Fixed syntax highlighting in diff view
Dynamically add parts to any part (319357)
added local caching for review data
enhanced part advisor extension
removed unused classes
",1,1,1
"317535: Fixed a bug preventing submit
",0,1,0
"322734: UI Rework
- review results drop down
- review summary drop down",1,0,1
"322734: Force synchronization after submit
",0,1,0
"322734: review type identification fallback
",0,1,1
"322734: Display just the last review result for a task
",0,0,1
"322734: Re-Added comment comment part
",0,0,1
"322734: Force synchronisation after submit
After submit the task editor still shows no attachment an thus no review section.
After synchronize the task the attachment and the review display correctly.
As a workaround force the synchronization of the task and re-open the editor.
",0,1,0
"322734: display review task without result in summary table
",1,0,0
"322734: Load review data from remote task
",1,0,0
"322734: Avoid exception, when loading non-existant local cache of review data
",0,1,0
"322734: Submit of changed reviews
",1,0,0
"322734: Label for review rating and comment
",1,0,0
"322734: Open Review Compare in another editor
",1,0,0
"322734: Renamed part/section to review
",1,0,0
"322734: changed labels, border for rating comment
",1,0,0
"322734: File table spans whole width
",1,0,0
"322734: Result types in section text
",1,0,0
"Moved ""tbr"" to subfolder
",0,0,1
"Moved ""tbr"" to subfolder and added folders for other projects
",0,0,1
"331862: Move review parts back to seperate page

-Deleted old advisors
-Changed mylyn.tasks.ui dependency to 3.4
-Added old PageFactories and Pages
-Removed old unnecessary dependency
-Initial import of review dsl
-Cleanup reviews.core
-Removed old reviews model
-Removed old code
-Development, Cleanup
 -Introduced API over most accesses to Mylyn (still not complete yet)
 -Tweaked the dsl
 -Removed unused, old classes
 -Fixed namespace
-Finished namespace renaming
-Review for non-patch attachments
-Moved Review Summary to common review page
 -Removed special summary page for tasks with review sub-tasks
 -Show common review page on all tasks
 -Some cleanup and refactoring
 -Expand summary tree by default
 -Filtering for summary view
 -Uninteresting nodes can be filtered
-Abstraction for TasksUiUtil.openTask for Summary
-Further Cleanup
-Added legal headers
-Removed unused classes
-fixed plugin xml
-Summary: show creator of review
-Enable filtering by default
-Summary: Description for Task nodes
 -The changing artifacts of the task (currently only attachments - patches and other) will be displayed in the table.
-Rebased & squashed so that all files have that legal header
",1,0,1
"Allow multiple attachments for review
",1,0,0
"Hierarchical review scope

- scope table is now a tree.
- review section will be automatically collapsed if no scope is found.
- refined descriptions and types for scope items
",1,0,0
"Cleanup

-Renamed interface ReviewScopeItem
-Moved xtext setup to core
 -removed now unecessary dependencies in ui
",0,0,1
"Merge branch '331862_move_review_parts'
",0,0,1
"Fixed task mapping of results
",0,1,0
"Updated DSL to cover updated scopes

-changed DSL
-adapted ReviewTaskMapper to add all additional items from changed scopes
",1,0,0
"ReviewScope is optional
",1,0,0
"Removed stderr output
",0,0,1
"Enabled opening the corresponding task for a result node
",1,0,0
"Simplified some column handling logic

-avoid repetition of column handling,output,...
",0,0,1
"332591: hide internal api for tbr ui
",0,0,1
"Merge branch 'master' of git://git.eclipse.org/gitroot/mylyn/org.eclipse.mylyn.reviews
",0,0,1
"Merge branch 'master' of git://git.eclipse.org/gitroot/mylyn/org.eclipse.mylyn.reviews
",0,0,1
"Merge branch 'master' of git://git.eclipse.org/gitroot/mylyn/org.eclipse.mylyn.reviews
",0,0,1
"Merge branch 'master' of git://git.eclipse.org/gitroot/mylyn/org.eclipse.mylyn.reviews
",0,0,1
"Merge branch 'master' of git://git.eclipse.org/gitroot/mylyn/org.eclipse.mylyn.reviews
",0,0,1
"Merge branch 'master' of git://git.eclipse.org/gitroot/mylyn/org.eclipse.mylyn.reviews
",0,0,1
"Merge branch 'master' of git://git.eclipse.org/gitroot/mylyn/org.eclipse.mylyn.reviews
",0,0,1
"Merge branch 'master' of git://git.eclipse.org/gitroot/mylyn/org.eclipse.mylyn.reviews
",0,0,1
"Merge branch 'master' of git://git.eclipse.org/gitroot/mylyn/org.eclipse.mylyn.reviews
",0,0,1
"Changeset based reviews

-Adapted dsl to review changesets
-Added extension to experimental versions changeset list on a seperate page
-Fixed error in dsl
-Fixed copyright headers
",1,1,0
"Removed unused plugin.xml from tbr core
",0,0,1
"Enhanced formatting of dsl
",0,0,1
"Minor cleanup

-Added correct version for version-tasks
-Fixed author name
",0,0,1
"Minor cleanup

-ignore warning about internal api
-minor reformatting
",0,0,1
"Changeset based reviews

-added scope item and review file implementations
",1,0,0
"ANTLR based dsl implementation

removed existing xtext based dsl and replaced with antlr impl.
",1,0,0
"Move versions-task bridge to reviews
",0,0,1
"Removed xtext dependency fragments
",0,0,1
"Removed TBR site
",0,0,1
"Changed versions task bridge feature ids and name
",0,0,1
"Include TBR and Versions in build
",0,0,1
"ANTLR Dsl Cleanup

Ignore recognition errors from lexer/parser
Prevented NPE
",1,0,0
"Fixed versions parent
",0,0,1
"Removed TBR from the build
",0,0,1
"TBR: Fixed artifact ids in pom
",0,0,1
"Removed feature for versions
",0,0,1
"Moved versions-task plugins to TBR
",0,0,1
"334692 fix compile errors on Indigo and include TBR in headless build
",0,1,0
"339480 Set execution environment to java 1.5
",0,0,1
"342870 TBR extension point fÃ¼r task changeset mapping

Initial implementation of the extension point and generic implementation.
",1,0,0
"342871 Fix findbugs warnings

Fixed all findbugs warnings reported in last build
",0,0,1
"bug 376191: NPE when opening reviews page

fixed access of map entry

https://bugs.eclipse.org/bugs/show_bug.cgi?id=376191",0,1,0
"bug 376192: Fixed error when creating a new review

use addItem method instead of getList().add

https://bugs.eclipse.org/bugs/show_bug.cgi?id=376192",0,1,0
"Minor bugfixes, cleanup

- prevent npe, when there is no repository for the project
- when retrieving all repositories for a task avoid duplicate
repositories
- deleted unused file
- refactored changeset part

Change-Id: I9e8330c9a8568100a9610bf8df48147931f4c7b0
",0,1,1
"bug 380843: index commit messages of changesets

Added an initial implementation of an index for the scm repositories.
The commit message, the revision and repository url are indexed, which
allows to search for all commits for a task in specific repositories.
Currently, the index is rebuild at the startup, which limits its use
only for smaller git projects. This should be fixed in the near future,
when a notification of repository changes is implemented, as well as
a mechanism, which determines if the repository has changed while
eclipse was not running.

Change-Id: If7aebd06dd9ca19090b2af3b5f447fe8454df7d0
",1,0,0
"Refactoring

- splitted several classes in smaller parts to improve testability
- added some javadoc and tests

Change-Id: Ic403f614c1a6ebdc2c89994e22ae01becca10e62
",0,0,1
"bug 380843: index commit messages of changesets

use iterator function to retrieve the changesets
added some more null checks

https://bugs.eclipse.org/bugs/show_bug.cgi?id=380843

Change-Id: I3484580c00372fd9276653e46ea8f552272af27f
",1,0,0
"bug 386204: Allow users to include subtasks in changeset view

Refactored part and introduced a model, which allows including subtasks.

https://bugs.eclipse.org/bugs/show_bug.cgi?id=386204

Change-Id: I94af1aa42624b69f280d8dca54c8020f877a9f45
",1,0,1
"390767: Create context from changesets

added internal extension point for contributing actions to the
changesets list.
added a new plugin, which contributes an action for populating the
context with the contents of the changeset

Change-Id: Icae78708bac4279563584b8d8aa785975e196fcb
Task-Url: https://bugs.eclipse.org/bugs/show_bug.cgi?id=390767
",1,0,0
"380843: index commit messages of changesets

Created custom filter for changesets, which works better with task
numbers like used in jira (Prefix-Number).

Task-Url: https://bugs.eclipse.org/bugs/show_bug.cgi?id=380843
Change-Id: Ice1cf8e3a558c36d9e832312a0a6259e7f6e7e86
",1,0,0
"cleanup warnings

* Fix build path issue
* Minor Cleanup for Action

Change-Id: I4e4bda10624e16d4f69545a953ae80d84939c1dd
",0,0,1
"Fix broken test

Change-Id: I15affe2d03ac77ff86e8f2ac01dde6539f6a64d9
",0,1,0
"fix tycho build errors

Running the test failed, as the mapper.tests bundle was not
resolved in the started eclipse instance.

Change-Id: I87353e410945a70029b2f7d35f15dd2134c36c40
",0,1,0
"392682: Show details for changesets

Use the ScmConnectorUi to open the correct view for the connector

Task-Url: https://bugs.eclipse.org/bugs/show_bug.cgi?id=392682
Change-Id: I98a778a7dc0edc1497194bc018536236f4f93382
",1,0,0
"DELTASPIKE-266 remove obsolete comments
",0,0,1
"DELTASPIKE-278 add category to Message API
",1,0,0
"DELTASPIKE-278 remove unecessary checks for Message return values

Why should we restrict the return value?
",0,1,0
"DELTASPIKE-278 implement the category resolving and add tests
",1,0,0
"DELTASPIKE-277 add JsfMessage API
",1,0,0
"DELTASPIKE-280 register resources under their full path
",0,1,0
"DELTASPIKE-274 fix remote container tests
",0,1,0
"DELTASPIKE-277 add first API draft
",1,0,0
"DELTASPIKE-277 first version of a JsfMessage implementation
",1,0,0
"DELTASPIKE-266 refactor JSF test setup
",0,1,0
"DELTASPIKE-277 improve graphene setup
",0,1,0
"DELTASPIKE-277 fix JsfMessageProducer
",0,1,0
"DELTASPIKE-277 add missing beans.xml
",0,0,1
"DELTASPIKE-277 fix JsfMessageProducer type detection
",0,1,0
"DELTAPIKE-277 first warp test for JsfMessage
",0,0,1
"add tomee build leftovers to .gitignore
",0,0,1
"DELTASPIKE-277 create a proper unit test and remove unused imports
",0,0,1
"DELTASPIKE-277 fix missing license header
",0,0,1
"upgrade Arquillian Drone to 1.1.0.CR3
",0,0,1
"enable checkstyle reporting on the commandline

catched by Arne
",0,0,1
"DELTASPIKE-281 add LocaleResolver for JSF projects

if a ViewRoot is available, we take the Locale from there.
",1,0,0
"DELTASPIKE-281 add unit test and fix some bugs in the locale mechanism
",0,0,1
"CDI-279 add a unit test for our JSF-2-CDI scope mapping
",0,0,1
"upgrade to more recent weld-arquillian version
",0,0,1
"move properties section to the top of the pom
",0,0,1
"upgrade tomee and openejb to released versions
",0,0,1
"get rid of empty if statement
",0,1,0
"DELTASPIKE-80 fix concurrency/visibility issue
",0,1,0
"DELTASPIKE-286 Comparators should be Serializable
",0,1,0
"DELTASPIKE-241 new weld-arquillian container fixes BDA issues
",0,0,1
"DELTASPIKE-289 add WindowContext API draft
",1,0,0
"DELTASPIKE-278 use '_' as category separator

This got done to unify this with the default JSF '_detail'
handling. So we moved from '.' as separator to '_'
",0,1,0
"DELTASPIKE-277 JsfMessage will now return the Message parameter directly

Previously we always did toString() internally. But that prevents
people from using the Message return value
",0,1,0
"DELTASPIKE-289 add WindowScoped and initial Context handling
",1,0,0
"DELTASPIKE-289 JavaDoc + make unit tests fit api packages
",0,0,1
"DELTASPIKE-289 enable WindowContext via Extension
",0,1,0
"DELTASPIKE-312 add JavaDoc warning for @Alternative scenarios
",0,0,1
"DELTASPIKE-312 remove GlobalAlternatives handling for OWB and fix tests
",0,1,0
"upgrade owb.version to 1.1.7 which is the latest released version
",0,0,1
"DELTASPIKE-312 introduce openejb.owb.version

This allows to fix the OWB version used for the cdictrl-openejb build using
-Dopenejb.owb.version=1.1.7
",0,0,1
"DELTASPIKE-157 log Test Class for @Deployment
",0,1,0
"DELTASPIKE-315 provide common EntityManagerFactoryProducer
",1,0,0
"DELTASPIKE-315 add more JavaDoc
",0,0,1
"DELTASPIKE-315 fix broken package move
",0,1,0
"DELTASPIKE-318 disable auto-scanning of bootstrap chain for OpenEJB starting
",0,1,1
"upgrade copyright to 2013
",0,0,1
"DELTASPIKE-318 remove workaround again.

This got properly fixed in OpenEJB.
See TOMEE-840 for more information
",0,1,0
"DELTASPIKE-273 fix JavaDoc
",0,0,1
"DELTASPIKE-330 adjust scoping for Window infrastructure classes
",0,1,0
"update javadoc
",0,0,1
"DELTASPIKE-339 re-apply jndi name in exception

we need this info for detecting issues
",0,1,0
"DELTASPIKE-229 improve WindowContext handling
",0,1,0
"DELTASPIKE-339 revert to gerhards version

Now I know why gerhard fixed it that way... ;)
",0,1,0
"DELTASPIKE-344 provide getContextualReference with a BeanManager param
",1,0,0
"DELTASPIKE-289 controllable WindowContext
",1,0,0
"DELTASPIKE-289 WindowContext cleanup
",0,1,0
"DELTASPIKE-289 implement ClientWindowConfig

This can be used to determine the window handling behaviour
for each request.
",1,0,0
"DELTASPIKE-289 add postback handling for windowId
",1,0,0
"DELTASPIKE-289 migrate windowhandler from CODI
",1,0,0
"DELTASPIKE-289 windowId detection code with JavaScript and intermediate page

partly ported over from MyFaces CODI, partly rewritten.
Passing the windowId via hidden input field
",1,0,0
"DELTASPIKE-289 exclude lifecycle execution if ClientWindow page gets rendered
",0,1,0
"DELTASPIKE-289 fix WindowScoped context test on jbossas

I recently removed the <h:form> which did lead to a different
component Id for the outputValue. fixed now.
",0,0,1
"DELTASPIKE-348 prepare for more ClientWindow samples
",0,0,1
"DELTASPIKE-356 fix @Dependent handling for MessageContext
",0,1,0
"DELTASPIKE-354 prevent NPE when passing null to a @MessageBundle
",0,1,0
"DELTASPIKE-363 prevent NPE at shutdown
",0,1,0
"DELTASPIKE-355 add Alternative MessageInterpolator using MessageFormatter

Simple add an <alternative> to your beans.xml where you gonna like to use it.
",1,0,0
"DELTASPIKE-356 fix JsfMessage which I broke with the refactoring
",0,1,0
"fix owb managed version handling for openejb
",0,0,1
"DELTASPIKE-365 add a boot(Map) method

This is needed to startup some containers with initial properties
if they support it.
",1,0,0
"DELTASPIKE-289 add sample ClientWindowConfig
",0,0,1
"DELTASPIKE-367 upgrade to owb-arquillian-1.2.0-SNAPTHOT

we finally need to upgrade to 1.2.0 but for now it's fine.
",0,0,1
"DELTASPIKE-208 explicitely enable global alternatives

This now works on Weld, OWB with BDA enabled, etc
",0,1,0
"DELTASPIKE-367 upgrade to final owb-arquillian-1.2.0
",0,0,1
"DELTASPIKE-339 don't lot the Exception as this is a normal operating situation
",0,0,1
"upgrade version to TLP
",0,0,1
"add release notes for 0.4
",0,0,1
"[maven-release-plugin] prepare release deltaspike-project-0.4
",0,0,1
"[maven-release-plugin] prepare for next development iteration
",0,0,1
"DELTASPIKE-378 add ProjectStageAware property handling

Main entry point for this feature is
ConfigResolver#getProjectStageAwarePropertyValue
",1,0,0
"DELTASPIKE-378 more unit tests for geProjectStageAwarePropertyValue
",0,1,0
"DELTASPIKE-378 add getPropertyAwarePropertyValue

feel free to propose a better name if you find one :)
",1,0,0
"general configuration section should go before executions
",0,1,0
"DELTASPIKE-378 unify handling of defaultValue
",0,1,0
"DELTASPIKE-384 use getProjectStageAwarePropertyValue where possible
",0,1,0
"DELTASPIKE-375 improve performance and use internal ClassUtils common code
",0,1,0
"DELTASPIKE-382 add ConfigFilter mechanism

This allows to filter DeltaSpike configuration values,
e.g. for applying decryption of secure configuration values
on the fly.
",1,0,0
"DELTASPIKE-386 use correct ClassLoader for loading the ResourceBundle

txs to Richard DiCroce for the catch!
",0,1,0
"fix old TODO and use field injection of Extension.
",0,1,1
"remove useless TODOs
",0,0,1
"remove unused private field
",0,0,1
"fix documentation for custom ProjectStages
",0,0,1
"removed obsolete TODO for Weld

This scenario must not happen. The ClassLoader used to load
the Extension is also the one used at shutdown. Even in EAR
scenarios with a hierarchic setup we will hopefully get the
correct TCCL. The mem will get freed up lastest after the EAR
gets undeployed anyway. Sparse re-deployments of portions of
an EAR are not guaranteed to work by the EE spec neither.
",0,0,1
"review old TODOs and remove them if not valid anymore.
",0,0,1
"DELTASPIKE-397 handle hashCode, etc on MessageBundles
",0,1,0
"make sure our MessageBundle mesages are fully Serializable
",0,1,0
"DELTASPIKE-398 add handling for @Dependent scoped beans.

This is important as we need a way to properly destroy them.
",0,1,0
"add comment about ALv2 license of this special hibernate part.
",0,0,1
"DELTASPIKE-385 fix for getBeanManager for ClassLoaders which have not been used in Extension loading
",0,1,0
"DELTASPIKE-401 change GlobalAlternativeTest to work w Weld and OWB
",0,0,1
"DELTASPIKE-402 introduce a way to conditionally skip test based on cdi-container versions
",0,0,1
"DELTASPIKE-403 make MessageBundles PassivationCapable
",0,1,0
"DELTASPIKE-402 use BeanProvider instead Instance<> to work around old OWB bug
",0,1,0
"DELTASPIKE-402 make DependentProvider Serializable (if possible)
",0,1,0
"DELTASPIKE-402 cdicontainer.version for tomee via arquillian
",0,0,1
"DELTASPIKE-405 remove generics info from producer to match all injection points of this type
",0,1,0
"ignore log files
",0,0,1
"add small helper script to quickly verify most important scenarios
",0,0,1
"DELTASPIKE-380 add javassist to @Deployment for some containers
",0,0,1
"DELTASPIKE-405 revert back to <M>
",0,1,0
"DELTASPIKE-60 minor JavaDoc tweaks
",0,0,1
"add tail to show all build results
",0,0,1
"fix broken unit test when testing remote containers
",0,1,0
"add  jbosas-managed-7 profile in ds-data
",0,0,1
"adding release notes draft for upcoming deltaspike-0.5 release
",0,0,1
"DELTASPIKE-380 also add javassist in wildfly

txs to jharting for the patch.
",0,1,0
"add resolved issues to our release notes
",0,0,1
"enable autoversioning of our submodules

this flag has the effect that you only get asked for the versions once
and not for each sub-module over and over again.
",0,0,1
"[maven-release-plugin] prepare release deltaspike-project-0.5
",0,0,1
"[maven-release-plugin] prepare for next development iteration
",0,0,1
"DELTASPIKE-425 DependentProvider#destroy() must not destroy NormalScoped beans
",0,1,0
"DELTASPIKE-441 default implementation of a simple SecurityViolation
",1,1,0
"DELTASPIKE-442 improve PersistenceConfigurationProvider

also implement PropertyLoader (taken from Apache OpenWebBeans)
and tweak it to take ProjectStage into account.
",1,1,0
"DELTASPIKE-445 add a few other known project stage config locations
",0,1,1
"DELTASPIKE-458 lookup UserTransaction via @Resource

Fallback to JNDI only if the injected UserTransaction
is not available (null)
",0,1,0
"DELTASPIKE-462 don't close the EM if we didn't open it

This happens when we use BeanManagedUserTransactionStrategy
and have a Stateless EJB call our transactional CDI beans.
",0,1,0
"DELTASPIKE-507 fallback to TransactionSynchronisationRegistry

txs to sstrobl for the patch
also big txs to dblevins for the hint to this hidden gem.
",0,1,0
"add DOAP file for DeltaSpike
",0,0,1
"DELTASPIKE-610 remove ConfigurableDataSource
",0,1,0
"fix build of cdictrl-servlet for other profile containers.
",0,1,0
"add invocation for tomee-1.7.0
",0,0,1
"fix JavaDoc - still did refer to old name of the class
",0,0,1
"DELTASPIKE-745 add TCK test for parallel threads
",0,0,1
"DELTASPIKE-745 fix cdictrl-weld to be able to run on new Threads

I also improved OWB ContextControl to behave the same as in weld
",0,1,0
"DELTASPIKE-745 remove createContextControl and add more JavaDoc explaining the stateless nature of ContextControl
",0,1,1
"gnome-keyring-1: Fix GNOME_KEYRING_ constant bindings

Fixes bug 556632.
",0,1,0
"glib-2.0: Add more GMarkup bindings

Add g_markup_collect_attributes, g_markup_parser_context_push,
g_markup_parser_context_pop, and GMarkupCollectType bindings,
based on patch by Yu Feng, fixes bug 564704.
",1,0,0
"glib-2.0: Fix GIOFlags binding

Prepend IS_ to IOFlags.READABLE, WRITEABLE, and SEEKABLE,
fixes bug 567387.
",0,1,0
"gdk-2.0: Fix gdk_property_change binding

The data parameter to gdk_property_change should not include array
length, fixes bug 583235.
",0,1,0
"librsvg-2.0: rsvg_handle_new_from_data takes an array

Fixes bug 583475.
",0,1,0
"gdk-2.0: Fix GdkNativeWindow binding

Fixes bug 587157.
",0,1,0
"pangocairo: Fix pango_cairo_create_* bindings

pango_cairo_create_{context,layout} transfer ownership,
fixes bug 587840.
",0,1,0
"Use (s)size_t instead of (u)long in several string methods

Fixes bug 577352.
",0,0,0
"vapigen: Support overriding memory management functions in metadata

Fixes bug 589307.
",1,0,0
"pango: Various PangoAttribute-related fixes

Fixes bug 587645.
",0,1,0
"vapigen: Make quotes around metadata arguments optional

Fixes bug 588171.
",1,0,0
"Make many copy methods transfer ownership

Fixes bug 589309.
",0,1,0
"libusb: Numerous improvements to the API

Fixes bug 589910.
",1,1,0
"libftdi: Update to libftdi-0.16, adapt to libusb changes

Fixes bug 589911.
",0,1,0
"Add libusb-1.0 bindings

Fixes bug 589913.
",1,0,0
"Make some functions which return Gtk.IconInfo transfer ownership

Fixes bug #589530
",0,1,0
"Support [CCode (free_function_address_of = true)] attribute

Fixes bug 589795.
",1,0,0
"Fix bindings to use the new syntax for fixed-length arrays

Fixes bug 590477.
",1,0,0
"posix: Add sync, fsync, and fdatasync bindings

Fixes bug 590550.
",1,0,0
"gtk+-2.0: Fix some GtkStatusIcon signals

Fixes bug 590951.
",0,1,0
"posix: add gettimeofday() and settimeofday() bindings.

Fixes bug 592189.
",1,0,0
"glib-2.0: time_t does not have a type_id

Fixes bug 587150.
",0,1,0
"glib-2.0: add GLib.HashTable.foreach

Fixes bug 577365.
",1,0,0
"zlib: Many enhancements for memory/stream based operations

Fixes bug 577804.
",1,0,0
"libpanelapplet-2.0: Add PanelAppletOrient and some missing methods

Fixes bug 590544.
",1,0,0
"gtk+-2.0: Fix gtk_tree_view_get_columns binding

TreeView.get_columns returns a GList of unowned GtkTreeViewColumn.

Fixes bug 591191.
",0,1,0
"libgnome-2.0: Fix gnome_execute_* bindings.

Fixes bug 599346.
",0,1,0
"libosso: Use tabs instead of spaces, do not spread methods across multiple lines.
",0,0,1
"gdk-2.0: Fix Gdk.Device.get_axis binding.

Fixes bug 598834.
",0,1,0
"libgdata: Fix query_all_albums, several type check functions, regenerate.

Fixes bug 597191.
",0,0,1
"glib-2.0: replace many (u)long variables with (s)size_t and time_t

Fixes bug 592188.
",0,1,0
"Don't use ""using"" in *.vapi.

Fixes bug 593195.
",0,0,1
"Add ccss-1 and remove gl-1.0 from vapi/Makefile.am
",0,0,1
"libgsf-1: Update to 1.14.16, regenerate.

Partially fixes bug 600295.
",1,1,0
"gtk+-2.0: make several Gtk.Entry.set_icon_* parameters nullable.

Fixes bug 600597.
",0,1,0
"gtk+-2.0: Mark Gtk.Widget.can_focus as not having an accessor method,
to preserve compatibility with GTK+ < 2.18.

Fixes bug 601221.
",0,1,1
"gtk+-2.0: Mark adjustment argument to GtkV/HScrollbar as nullable.

Fixes bug 597622.
",0,1,0
"gdk-pixbuf-2.0: Allow Gdk.PixbufLoader.write to specify array length.

Fixes bug 597870.
",0,1,0
"posix: Fix FILE bindings (copy from GLib.FileStream), and add popen.

Fixes bug 595880.
",1,1,0
"glib-2.0: Fix GLib.ValueArray.values binding.
",0,1,0
"gtk+-2.0: nullability fixes for GtkToolButton and descendants.

Fixes bug 602273.
",0,1,0
"gtk+-2.0: Gtk.SelectionData.get_data does not return an array length.

Fixes bug 602776.
",0,1,0
"unique-1.0: update to unique-1.1.6.

Fixes bug 603609.
",1,1,0
"clutter-1.0: Clutter.get_option_group* functions transfer ownership.

Fixes bug 602688.
",0,1,0
"Fix some typos in CCode attributes.
",0,1,0
"gio-2.0: Fix many async functions which don't end in _async.

Fixes bug 598657.
",0,1,0
"gtk+-2.0: Fix Gtk.Notebook.switch_page signal binding.

Fixes bug 604746.
",0,1,0
"gtk+-2.0: Gtk.get_current_event_state's argument should be out.

Fixes bug 603751.
",0,1,0
"gstreamer-controller-0.10: Fix Gst.LFOWaveform enum.

Fixes bug 603725.
",0,1,0
"gstreamer-0.10: Gst.Value.get/set_date expect a GLib.Date.

Fixes bug 601766.
",0,1,0
"gio-2.0: Several ownership fixes, mostly in GResolver.

Fixes bug 604969.
",0,1,0
"libsoup-2.4: Fix soup_message_headers_get_content_type binding.

Fixes bug 604907.
",0,1,0
"cogl-1.0: Cogl.Texture.from_data data does not provide array length.

Fixes bug 604108.
",0,1,0
"gstreamer-0.10: Add type_id for Gst.Structure.
",0,1,0
"gconf-2.0: several ownership and nullability fixes.

Based on patch by Michal Hruby, fixes bug 605449.
",0,1,0
"gio-2.0: argument to BufferedInputStream.peek_buffer should be out

Fixes bug 606627.
",0,1,0
"mysql: Fix mysql_init binding.

Fixes bug 603085.
",0,1,0
"dbus-glib-1: Add bindings for DBusGProxy::destroy signal.
",1,0,0
"libsoup-2.4: SoupMessageBody.data should be uing8[], not string.

Fixes bug 605862.
",0,1,0
"gtk+-2.0: Gtk.MessageDialog:buttons does not have an accessor method

Fixes bug 607992.
",0,1,0
"vapigen: Add support for base types and ranks in structs

Fixes bug 605039.
",1,0,0
"json-glib-1.0: always include json-glib.h

Fixes bug 605924.
",0,1,0
"gdk-2.0: Fix types of several Gdk.Event*.state fields

Fixes bug 607337.
",0,1,0
"gtk+-2.0: Fix gtk_combo_box_set_row_separator_func binding

Fixes bug 606919.
",0,1,0
"glib-2.0: revert previous patch against MarkupParser callbacks.

The new version sacrificed usability for theoretical correctness, and
was not well received.
",1,0,0
"tracker-indexer-module-1.0: regenerate
",1,0,0
"cairo: Use closure param to ReadFunc and WriteFunc for delegate target
",0,1,0
"Change many static delegates to has_target = false
",1,0,0
"libsoup-2.4: nullability fixes for Soup.MessageHeaders methods

Fixes bug 604907.
",0,1,0
"Update delegate has_target syntax in *-custom.vala
",1,0,0
"gdk-2.0: update to 2.18.6

Fixes bug 609293.
",1,0,0
"libxml-2.0: Fix instance position in several methods

Fixes bug 609814.
",0,1,0
"glib-2.0: Make GLib.String.erase erase the entire string by default
",0,0,1
"gio-unix-2.0: update to 2.22.4

Fixes bug 610074.
",1,0,0
"glib-2.0: locale arguments to KeyFile methods should be nullable

Fixes bug 609145.
",1,1,0
"vapigen: Add support for array_length_cname for fields
",1,0,0
"vapigen: fix changing the type_name of an array field via metadata
",0,1,0
"gstreamer-0.10: Clean up Gst.Buffer.data binding

Fixes bug 610330.
",0,0,0
"gio-2.0: nullability fixes for g_file_replace_contents

Fixes bug 611282.
",0,1,0
"goocanvas: Correct cname of Goo.CanvasImage.create

Fixes bug 612221.
",0,1,0
"libsoup-2.4: Make Soup.Session.queue_message callback nullable

Fixes bug 612050.
",0,1,0
"Support array_length_type for fields

Fixes part of bug 529866.
",1,0,0
"sdl: Remove unnecessary argument to SDL.Key.get_keys
",0,1,0
"gstreamer-netbuffer-0.10: Hide Gst.NetBufferClass
",0,0,0
"gstreamer-video-0.10: don't hide Gst.VideoFormat members
",0,0,0
"vapigen: Improve support for type_arguments

Fixes bug 609693.
",1,0,0
"gtk+-2.0: Add many missing type arguments

Partially fixes bug 609875.
",0,1,0
"gdk-2.0: Mark Gdk.Region.get_rectangles rectangles param as out

Fixes bug 612632.
",0,1,0
"gtk+-2.0: Fix several GtkIMContext-related bindings

Fixes bug 611533.
",0,1,0
"gtk+-2.0: Make GtkContainer::set_focus_child's argument nullable

Fixes bug 611492.
",0,1,0
"gtk+-2.0: Hide many unwanted user data and destroy notify arguments

Fixes bug 611021.
",0,1,0
"librsvg-2.0: Update to 2.26.0, remove librsvg-2.0-custom.vala
",0,0,1
"libgnomeui-2.0: Update to 2.24.2.
",1,0,0
"json-glib-1.0: Use metadata instead of json-glib-1.0-custom.vala
",0,0,1
"glib-2.0: Use strtol instead of atol for string.to_long
",1,0,0
"Regenerate all bindings
",0,0,0
"Make all Literal constructors accept null SourceReferences
",1,0,0
"vapigen: Support default_value for arguments
",1,0,0
"json-glib-1.0: Make json_parser_load_from_data.length default to -1

Fixes bug 612601.
",1,0,0
"glib-2.0: GLib.static_assert returns void
",0,1,0
"Do not use `weak' modifier in *-custom.vala where it is not applicable
",0,0,1
"libsoup-2.4: fix arguments to several methods which take delegates
",0,1,0
"libxml-2.0: remove superfluous (and deprecated) static from delegates
",0,0,1
"gudev-1.0: make GUdev.DeviceNumber inherit from Posix.dev_t
",1,1,0
"gdk-2.0: GdkEvent* structs do not have a type id

Fixes bug 585476.
",0,1,0
"libgda-4.0: update to 4.0.8, regenerate
",0,0,0
"Add libgda-report-4.0 bindings, based on patch by Shawn Ferris

Fixes bug 604208.
",1,0,0
"glib-2.0: add g_date_set_time_t binding
",1,0,0
"glib-2.0: add byte order swap macros

Fixes bug 613473.
",1,0,0
"vapigen: support no_array_length for delegate parameters
",1,0,0
"gdk-pixbuf-2.0: GdkPixbufDestroyNotify doesn't have a length parameter

Fixes bug 613855.
",0,1,0
"gio-2.0: various ownership and type_arguments fixes for generics
",0,1,0
"clutter-1.0: update to 1.2.4

Fixes bug 614268.
",0,0,0
"fuse: fix reference to Posix.mode_t in Fuse.Create
",0,1,0
"libnl-2.0: add linux as a dependency
",0,1,0
"gstreamer-cdda,dataprotocol-0.10: fix some invalid enum values
",0,1,0
"gsl: Do not use `weak' modifier where it is not applicable
",0,1,0
"vapigen: add support for member access based default values
",1,0,0
"gtk+-2.0: Make Gtk.Window's arg default value Gtk.WindowType.TOPLEVEL
",1,0,0
"clutter-1.0: add missing type_arguments for several new methods

Partially fixes bug 609875.
",0,1,0
"gdk-2.0: add many missing type_arguments

Partially fixes bug 609875.
",0,1,0
"libsoup-2.4: add many missing type_arguments

Partially fixes bug 609875.
",0,1,0
"Add gdu and gdu-gtk bindings to the build system.
",0,1,0
"gtksourceview-2.0: update to 2.10.0
",0,0,0
"libsoup-2.4: update to 2.30.0

Fixes bug 615047.
",1,0,0
"Make argument of NullType constructor nullable
",0,1,0
"vapigen: fix a crash if type_name is used for pointer arguments

Fixes bug 614348.
",0,1,0
"vapigen: add support for type_parameters attribute
",1,0,0
"gstreamer-0.10: make GstIterator a generic
",0,1,0
"sqlite3: add binding for user defined function API
",1,0,0
"sqlite3: add wrapper methods for sqlite3_exec and sqlite3_get_table

Fixes bug 579364.
",0,1,0
"gnome-vfs-2.0: fix ownership and type arguments on several methods
",0,1,0
"vapigen: add support for type_arguments on signal parameters
",1,0,0
"sqlite3: add many missing bindings
",1,0,0
"glib-2.0: mark return value of GLib.MappedFile.get_contents as unowned
",0,1,0
"libxml-2.0: correct cname for Xml.Node.ns_def

Fixes bug 616037.
",0,1,0
"gtk+-2.0: expose Gtk.CellEditable.start_editing
",0,1,0
"gio-2.0: set default value of g_zlib_compressor_new.level to -1
",1,0,0
"gio-2.0: GLib.Converter.convert bytes_read and bytes_written are out
",0,1,0
"mysql: mark Database.fetch_row as null terminated, several other fixes

Fixes bug 615925.
",1,1,0
"clutter-1.0: fix Stage.read_pixels binding

Fixes bug 616448.
",0,1,0
"gnutls: fix numerous errors preventing gnutls from being usable.
",0,1,0
"Support array_length_type for method parameters

Fixes bug 529866.
",1,0,0
"atk: make Atk.State inherit from uint64

Fixes bug 613949.
",0,1,0
"glib-2.0: set has_type_id = false for int16 and uint16
",0,1,0
"glib-2.0: add GLib.FileUtils.get/set_data methods
",1,0,0
"vapigen: support setting array_length_type for parameters
",1,0,0
"sqlite3: add methods to get the source of data in a query result
",1,0,0
"glib-2.0: set default value of StringBuilder.truncate to 0
",1,0,0
"sqlite3: add binding for sqlite3_update_hook
",1,0,0
"gio-2.0: fix callbacks for sources created with Socket.create_source

Fixes bug 617069.
",0,1,0
"glib-2.0: add binding for GLib.HashTable.lookup_extended

Fixes bug 617358.
",1,0,0
"gdk-2.0: buf argument of gdk_draw_*_image doesn't have an array length

Fixes bug 617534.
",0,1,0
"gstreamer-base-0.10: fix ownership of BaseTransform.transform_caps
",0,1,0
"gtk+-2.0: make Gtk.AccelKey a struct

Fixes bug 617963.
",0,1,0
"x11: fix type mismatch warning in X.Display.get_window_property

Fixes bug 609561.
",0,1,0
"gnome-keyring-1: add missing type_arguments
",0,1,0
"gconf-2.0: add several missing type arguments, some ownership fixes
",0,1,0
"libgda-4.0: fix vfunc names om Gda.DataModel and Gda.Lockable
",0,1,0
"libgda-4.0: add many type_arguments, several other small fixes
",0,1,0
"glib-2.0: add g_qsort_with_data binding
",1,0,0
"rest-0.6: rename rest to rest-0.6, update to version 0.6.1
",0,0,0
"gnutls: fix a couple cnames, and change a char* to a string
",0,1,0
"glib-2.0: use g_strcmp0 instead of strcmp
",1,0,0
"gtk+-2.0: set default values for Gtk.Box.pack_start and end arguments
",1,0,0
"Add mx-1.0 bindings
",0,0,0
"glib-2.0: add GLib.IOChannel.win32_socket and win32_messages
",1,0,0
"Do not add extra argument to unref functions

Fixes bug 615481.
",0,1,0
"Update documentation

Fixes bug 615710.
",0,0,1
"json-glib-1.0: hide user data arguments from two methods
",0,1,0
"gio-2.0: return value of g_inet_address_to_bytes is an array
",0,1,0
"Never mark *_register_type functions as static

*_register_type functions are called by the module init function,
which might reside in a different file.

Fixes bug 617850.
",0,1,0
"gudev-1.0: fix Device.get_property_keys and Client.query_by_subsystem
",0,1,0
"Support simple generics for creation methods
",1,0,0
"Add support for [Deprecated] attribute

Fixes bug 614712.
",1,0,0
"codegen: write G_GNUC_DEPRECATED in generated C where appropriate
",0,0,1
"vapigen: Add support for deprecated metadata attributes
",1,0,0
"girparser: improve support for generic type arguments
",1,0,0
"girparser: add special case for GPtrArray and GArray

Fixes bug 618660.
",0,1,0
"girparser: handle scope=""async"" annotations

Fixes bug 620387.
",1,0,0
"clutter-1.0: Text.position_to_coords float params are out and nullable

Fixes bug 621491.
",1,1,0
"zlib: add crc32 and adler32 to ZLib.Utility

Fixes bug 622200.
",1,0,0
"gtk+-2.0, gtk+-3.0: fix return value of Gtk.AccelGroup.find

Fixes bug 617963.
",0,1,0
"glib-2.0: add GenericArray.length, correct type for PtrArray.set_size
",1,1,0
"vapigen: Hide async *_finish methods

Fixes bug 614045.
",0,1,0
"Copy default_expression in FormalParameter.copy
",0,1,0
"gio-2.0: Add lots of default values, mostly for Cancellable parameters

Fixes bug 613471.
",1,0,0
"girparser: Use the same code for parsing callbacks as methods

Fixes part of bug 621834.
",0,1,0
"libsoup-2.4: fixes for SoupMessageBody.flatten and SoupLoggerPrinter
",0,1,0
"gio-2.0: Add ellipsis to GLib.Settings.get and GLib.Settings.set

Fixes bug 623551.
",0,1,0
"gtk+-2.0, gtk+-3.0: Make Gtk.Scale.add_mark's markup argument nullable

Fixes bug 624442.
",0,1,0
"gtk+-2.0, gtk+-3.0: use delegates for relevant GClosure arguments

Fixes bug 624481.
",0,1,0
"gtksourceview-2.0: Make argument to gtk_source_buffer_new nullable

Fixes bug 623517.
",0,1,0
"vapigen: do not remove all values from enums in custom.vala files
",1,1,0
